990 Bay St Ste 2Ste 2Mountain View, CA 94040
100 Oconnor Dr Ste 7Ste 7San Jose, CA 95128
4825 Hopyard RdSte 17Pleasanton, CA 94588
20394 Town Center LnSte 8bCupertino, CA 95014
2340 Mckee RdSte 23San Jose, CA 95116
682 Villa StSte AMountain View, CA 94041
152 W El Camino RealSunnyvale, CA 94087
26953 Mission BlvdSte JHayward, CA 94544
1565 Hollenbeck Ave Ste 116Ste 116Sunnyvale, CA 94087
6541 Crown BlvdSte HSan Jose, CA 95120
2300 1st StSte 106Livermore, CA 94550
5820 Stoneridge Mall RdSte 118Pleasanton, CA 94588
14465 S Bascom AveSte KLos Gatos, CA 95032
5150 Graves AveSte 2San Jose, CA 95129
1439 Cedarwood LnSte DPleasanton, CA 94566
19260 Stevens Creek BlvdCupertino, CA 95014
5149 Moorpark Ave Ste 101Ste 101San Jose, CA 95129
20445 Prospect RdSte 7San Jose, CA 95129
2664 Berryessa RdSte 201San Jose, CA 95132
532 Lawrence ExpresswaySunnyvale, CA 94085
5710 Cahalan AveSte 3San Jose, CA 95123
16585 Los Gatos Almaden RdLos Gatos, CA 95032
3862 Smith StUnion City, CA 94587
897 W El Camino RealSunnyvale, CA 94087
1491 Cedarwood LnSte CPleasanton, CA 94566
47944 Warm Springs BlvdFremont, CA 94539
1296 Kifer RdSte 609Sunnyvale, CA 94086
1952 Fourth StreetLivermore, CA 94550
33141 Alvarado Niles RdUnion City, CA 94587
48 E Santa Clara StSan Jose, CA 95113
991 Montague ExpySte 110Milpitas, CA 95035
2323 Forest AveSan Jose, CA 95128
52 Arch StSte 4Redwood City, CA 94062
2727 Mckee RdSan Jose, CA 95127
681 Tasman DrSunnyvale, CA 94089
1300 University DrSte 7Menlo Park, CA 94025
927 E Arques AveSte 171Sunnyvale, CA 94085
647 Veterans BlvdRedwood City, CA 94063
4738 Scotts Valley DrSte AScotts Valley, CA 95066
4750 Almaden ExpySte 152San Jose, CA 95118
451 Blossom Hill RdSte 20San Jose, CA 95123
2025 Forest AveSte 5San Jose, CA 95128
43625 Mission BlvdSte 202Fremont, CA 94539
2505 S Bascom AveCampbell, CA 95008
5130 Stevens Creek BlvdSte BSan Jose, CA 95129
1021 S Wolfe RdSte 105Sunnyvale, CA 94086
2531 El Camino RealRedwood City, CA 94061
17705 Hale AveSte E3Morgan Hill, CA 95037
939 W El Camino RealSte 118Sunnyvale, CA 94087
39470 Fremont BlvdFremont, CA 94538
60 Fenton St Ste 1Ste 1Livermore, CA 94550
2090 N Capitol AveSte DSan Jose, CA 95132
6050 Stevenson Blvd.Fremont, CA 94538
24700 Calaroga Ave Ste 101Ste 101Hayward, CA 94545
677-B W Tennyson RoadHayward, CA 94544
491 E Calaveras BlvdMilpitas, CA 95035
583 Willow StSan Jose, CA 95125
853 Middlefield RdSte 1Palo Alto, CA 94301
4555 Hopyard RdSte C-19Pleasanton, CA 94588
35149 Newark BlvdSte CNewark, CA 94560
18181 Butterfield Blvd Ste 130Ste 130Morgan Hill, CA 95037
3683 Thornton AveSte FFremont, CA 94536
827 Blossom Hill RdSte E7San Jose, CA 95123
154 Cochrane PlzMorgan Hill, CA 95037
2664 Berryessa RdSte 207San Jose, CA 95132
127 2nd StSte 3Los Altos, CA 94022
4200 East AveSte 100Livermore, CA 94550
3151 S White RdSte 209San Jose, CA 95148
5409 Central AveSte 17Newark, CA 94560
2700 Middlefield RdPalo Alto, CA 94306
2075 Lincoln AveSte BSan Jose, CA 95125
1915 4th StLivermore, CA 94550
14475 S Bascom AveLos Gatos, CA 95032
7176 Santa Teresa BlvdSte B8San Jose, CA 95139
1059 El Camino RealRedwood City, CA 94063
6940 Santa Teresa BlvdSte 1San Jose, CA 95119
2664 Berryessa RdSte 107San Jose, CA 95132
3571 N 1st StSte 203San Jose, CA 95134
670 E Santa Clara StSan Jose, CA 95112
2324 Santa Rita RdSte 1aPleasanton, CA 94566
3337 Mission DrSanta Cruz, CA 95065
1180 Blossom Hill RdSte 4San Jose, CA 95118
2165 Fourth StSte BLivermore, CA 94550
827 Blossom Hill RdSte E3San Jose, CA 95123
1429 Grant RdSte BMountain View, CA 94040
420 Blossom Hill RdSan Jose, CA 95123
10430 S. De Anza Blvd.Ste 270Cupertino, CA 95014
6501 Crown BlvdSan Jose, CA 95120
43625 Mission BlvdSte 208Fremont, CA 94539
115 Destry CtSan Jose, CA 95136
2500 Hospital Dr Ste 6cMountain View, CA 94040
5595 Winfield BlvdSte 112San Jose, CA 95123
1125 Laurel StSan Carlos, CA 94070
1580 Winchester Blvd Ste 204Ste 204Campbell, CA 95008
20445 Prospect RdSte 3San Jose, CA 95129
516 W Remington DrSte 4aSunnyvale, CA 94087
451 W El Camino RealSte BMountain View, CA 94040
1298 Kifer Rd Ste 501Ste 501Sunnyvale, CA 94086
34400 Fremont BlvdSte CFremont, CA 94555
10 S Hillview DrMilpitas, CA 95035
425 E Remington DrSte 7Sunnyvale, CA 94087
830 Hillview Ct Ste 150Ste 150Milpitas, CA 95035
10413 Torre Ave Ste 600Ste 600Cupertino, CA 95014
225 Washington StSte 110Santa Clara, CA 95050
31780 Alvarado BlvdUnion City, CA 94587
5924 Stoneridge DrSte 209aPleasanton, CA 94588
10011 N Foothill BlvdCupertino, CA 95014
38012 Martha AveFremont, CA 94536
301 Piercy RdSan Jose, CA 95138
3752 Florence StRedwood City, CA 94063
31133 Mission BlvdHayward, CA 94544
720 N Capitol AveSte B5San Jose, CA 95133
704 Blossom Hill RdSte 103San Jose, CA 95123
516 W Remington DrSte 3bSunnyvale, CA 94087
2147 Mowry AveSte A3Fremont, CA 94538
1895 Mowry AveSte 120Fremont, CA 94538
2542 Berryessa RdSan Jose, CA 95132
32025 Alvarado BlvdUnion City, CA 94587
4040 Pimlico DrSte 120Pleasanton, CA 94588
670 River Oaks PkwySte JSan Jose, CA 95134
31111 Mission BlvdHayward, CA 94544
689 Colorado AvePalo Alto, CA 94306
990 Story RdSte 10San Jose, CA 95122
4138 Dyer St Ste 3Ste 3Union City, CA 94587
24901 Santa Clara StSte B2Hayward, CA 94544
888 Oak Grove AveSte 2Menlo Park, CA 94025
425 E Remington Dr Ste 4Ste 4Sunnyvale, CA 94087
2418 East AveLivermore, CA 94550
478 E Santa Clara StSte 103San Jose, CA 95112
171 Curtner AveSte 80San Jose, CA 95125
39261 Liberty StFremont, CA 94538
373 S Monroe StSte 102San Jose, CA 95128
39572 Stevenson PlSte 223Fremont, CA 94539
310 N Winchester BlvdSanta Clara, CA 95050
18480 Prospect RdSaratoga, CA 95070
500 E Remington Dr Ste 23Ste 23Sunnyvale, CA 94087
2840 Park AveSte BSoquel, CA 95073
6072 Stevenson BlvdFremont, CA 94538
650 E Santa Clara StSan Jose, CA 95112
244 N Jackson AveSte 207San Jose, CA 95116
1895 Mowry AveSte 100Fremont, CA 94538
2041 El Camino RealSanta Clara, CA 95050
17705 Hale AveSte C3Morgan Hill, CA 95037
55 E Julian StSan Jose, CA 95112
2643 Senter Rd Ste BSte BSan Jose, CA 95111
17020 Condit Rd Ste 180Ste 180Morgan Hill, CA 95037
4155 Moorpark AveSte 17San Jose, CA 95117
877 W Fremont AveSte K-1Sunnyvale, CA 94087
3005 Silver Creek RdSte 198San Jose, CA 95121
36612 Newark BlvdNewark, CA 94560
16120 Monterey RdMorgan Hill, CA 95037
1472 Cedarwood LnSte APleasanton, CA 94566
4487 Stoneridge DrSte 102Pleasanton, CA 94588
824 Bryant StPalo Alto, CA 94301
1269 W El Camino RealSunnyvale, CA 94087
698 Mowry AveFremont, CA 94536
400 San Antonio RdSte AMountain View, CA 94040
2701 Decoto Rd Ste 1aSte 6Union City, CA 94587
920 N Bascom AveSte 1San Jose, CA 95128
822 N Hillview DrMilpitas, CA 95035
10011 N Foothill BlvdSte 112Cupertino, CA 95014
1680 Westwood DrSte BSan Jose, CA 95125
1692 Tully RdSte 11San Jose, CA 95122
877 W Fremont AveSte K4Sunnyvale, CA 94087
10251 Torre Ave Ste 228Ste 228Cupertino, CA 95014
18181 Butterfield BlvdSte 110Morgan Hill, CA 95037
1301 Sunnyvale Saratoga RdSte 1Sunnyvale, CA 94087
872 The AlamedaSan Jose, CA 95126
1360 N Winchester BlvdSte 3San Jose, CA 95128
1087 Meridian AveSte 30San Jose, CA 95125
1672 Mckee RdSan Jose, CA 95116
1628 Hostetter RdSte JSan Jose, CA 95131
40 N Park Victoria Dr Ste DDMilpitas, CA 95035
5890 Stoneridge Dr Ste 210Ste 210Pleasanton, CA 94588
2324 Santa Rita RdSte 14Pleasanton, CA 94566
2211 Moorpark AveSte 100San Jose, CA 95128
1670 Westwood DrSte JSan Jose, CA 95125
17705 Hale Ave Ste B3Ste B3Morgan Hill, CA 95037
3931 Rivermark PlazaSanta Clara, CA 95054
4095 Evergreen Village SqSte 120San Jose, CA 95135
1755 Decoto RdUnion City, CA 94587
135 N Jackson AveSte 102San Jose, CA 95116
1832 Tully RdSan Jose, CA 95122
1153 N Lawrence ExpySunnyvale, CA 94089
125 N Jackson AveSte 207San Jose, CA 95116
1260 Persian Dr Ste D2Ste D2Sunnyvale, CA 94089
2732 Aborn RdSan Jose, CA 95121
877 W Fremont AveSte G2Sunnyvale, CA 94087
24239 Hesperian BlvdHayward, CA 94545
1399 S Winchester BlvdSte 130San Jose, CA 95128
975 Veterans BoulevardRedwood City, CA 94063
990 W Fremont AveSte BSunnyvale, CA 94087
3655 N 1st StSan Jose, CA 95134
33404 Alvarado Niles RdUnion City, CA 94587
570 El Camino RealSte 270Redwood City, CA 94063
320 Los Gatos Saratoga RdLos Gatos, CA 95030
1704 Miramonte Ave Ste 8Ste 8Mountain View, CA 94040
990 Laurel StSte BSan Carlos, CA 94070
485 South DrSte CMountain View, CA 94040
5278 Monterey HwySte 10San Jose, CA 95111
1733 Woodside RdSte 110Redwood Cty, CA 94061
877 W Fremont AvenueSte J3Sunnyvale, CA 94087
1795 Park AveSan Jose, CA 95126
10011 N Foothill BlvdSte 101Cupertino, CA 95014
10363 Torre AveSte ECupertino, CA 95014
827 Altos Oaks Dr Ste 2Ste 2Los Altos, CA 94024
34665 Alvarado Niles RdUnion City, CA 94587
2340 Mckee RdSte 3San Jose, CA 95116
2929 The Villages PkwySan Jose, CA 95135
2727 Walsh AveSte 102Santa Clara, CA 95051
2060 Aborn RdSte 125San Jose, CA 95121
1691 El Camino RealSte 300Palo Alto, CA 94306
4110 Moorpark AveSte FSan Jose, CA 95117
1998 Alum Rock AveSan Jose, CA 95116
3055 Mowry AveFremont, CA 94538
1565 Hollenbeck RdSte 122Sunnyvale, CA 94087
4585 Stevens Creek BlvdSte 101Santa Clara, CA 95051
1625 Tully RdSte ESan Jose, CA 95122
219 W Calaveras BlvdMilpitas, CA 95035
3221 Jefferson AveSte 2aRedwood City, CA 94062
266 N Jackson AveSte 1San Jose, CA 95116
2593 S King RdSte 9San Jose, CA 95122
259 Meridian Ave Ste 17Ste 17San Jose, CA 95126
29300 Kohoutek Way Ste 100Ste 100Union City, CA 94587
705 Veterans Blvd Ste 1Ste 1Redwood City, CA 94063
40910 Fremont BlvdFremont, CA 94538
2290 Birch StSte APalo Alto, CA 94306
1765 E Bayshore RdSte HEast Palo Alto, CA 94303
6111 Johnson CtSte 210Pleasanton, CA 94588
1930 S Bascom AveSte 200Campbell, CA 95008
3151 S White RdSte 101San Jose, CA 95148
1600 Saratoga AveSte 613San Jose, CA 95129
6146 Camino Verde DrSte OSan Jose, CA 95119
20550 Town Center LnCupertino, CA 95014
634 E Santa Clara StSan Jose, CA 95112
2243 Mowry AveSte BFremont, CA 94538
974 Willow StSan Jose, CA 95125
29300 Kohoutek WaySte 100Union City, CA 94587
579 Coleman AveSte 10San Jose, CA 95110
2998 El Camino Real Ste 200Ste 200Santa Clara, CA 95051
3005 Silver Creek Rd Ste 146Ste 146San Jose, CA 95121
33255 9th StUnion City, CA 94587
9059 Soquel DrSte AAptos, CA 95003
730 Story RdSte 5San Jose, CA 95122
4180 N 1st StUnit 80San Jose, CA 95134
3087 Mckee RdSan Jose, CA 95127
20111 Stevens Creek BlvdSte 100Cupertino, CA 95014
266 N Jackson AveSte 3San Jose, CA 95116
1300 Meridian AveSte BSan Jose, CA 95125
902 Woodside RdRedwood City, CA 94061
2998 El Camino RealSte 200Santa Clara, CA 95051
6766 Bernal AveSte 560Pleasanton, CA 94566
648 E Santa Clara StSan Jose, CA 95112
2345 Yale StSte 2bPalo Alto, CA 94306
890 Saratoga AveSte ASan Jose, CA 95129
678 Chatsworth PlSan Jose, CA 95128
2290 Birch St Ste ASte APalo Alto, CA 94306
15870 Monterey StMorgan Hill, CA 95037
405 Saratoga AveSte 60San Jose, CA 95129
3381 Walnut AveFremont, CA 94538
4860 Cherry AveSte ESan Jose, CA 95118
1198 Meridian AveSte ASan Jose, CA 95125
5172 Mowry AveFremont, CA 94538
25 N 14th StSte 860San Jose, CA 95112
5145 Stevens Creek BlvdSte 210Santa Clara, CA 95051
7545 Soquel DrSte CAptos, CA 95003
10301 S De Anza BlvdSte 4Cupertino, CA 95014
125 N Jackson AveSte 104San Jose, CA 95116
2545 East AveSte ALivermore, CA 94550
3540 Union AveSan Jose, CA 95124
5150 Graves AveSte 11eSan Jose, CA 95129
990 W Fremont Ave Ste TSte TSunnyvale, CA 94087
1690 Woodside RdSte 204Redwood City, CA 94061
122 Saratoga AveSte 200Santa Clara, CA 95051
33378 Alvarado Niles RdUnion City, CA 94587
154 Arch StRedwood City, CA 94062
5990 Stoneridge DrSte 117Pleasanton, CA 94588
246 Blossom Hill RdLos Gatos, CA 95032
570 El Camino RealSte 130Redwood City, CA 94063
530 Showers DrSte 3Mountain View, CA 94040
1260 Persian DrSte D2Sunnyvale, CA 94089
631 S Main StMilpitas, CA 95035
826 Bryant StPalo Alto, CA 94301
2020 Forest AveSte 1San Jose, CA 95128
787 East El Camino RealSte OSunnyvale, CA 94087
1961 Pruneridge AveSte ASanta Clara, CA 95050
3278 Noble AveSan Jose, CA 95132
3468 Mckee RdSan Jose, CA 95127
281 E Hamilton AveSte 3Campbell, CA 95008
38056 Martha AveFremont, CA 94536
146 Harder Rd Ste CSte CHayward, CA 94544
812 Pollard RdSte 3Los Gatos, CA 95032
2726 Aborn RdSte KSan Jose, CA 95121
16985 Monterey RdSte 300Morgan Hill, CA 95037
2825 El Camino RealSanta Clara, CA 95051
1565 Hollenbeck AveSte 102Sunnyvale, CA 94087
1620 Westwood DrSte ASan Jose, CA 95125
30811 Union City BlvdUnion City, CA 94587
3161 Senter RdSte F & GSan Jose, CA 95111
1510 Park AveSte 100San Jose, CA 95126
39985 Mission BlvdFremont, CA 94539
1123 S Park Victoria DrMilpitas, CA 95035
2340 Mckee Rd Ste 3Ste 3San Jose, CA 95116
3161 Senter RdSte GSan Jose, CA 95111
1950 Aborn RdSan Jose, CA 95121
545 Saratoga AveSte BSanta Clara, CA 95050
20395 Pacifica DrSte 103Cupertino, CA 95014
1273 S Mary AveSunnyvale, CA 94087
40739 Grimmer BlvdFremont, CA 94538
801 Woodside RdSte 3Redwood City, CA 94061
3555 Monroe StSte 50Santa Clara, CA 95051
27171 Calaroga AveSte 11Hayward, CA 94545
100 W El Camino RealSte 74Mountain View, CA 94040
2344 Mckee RdSte 40San Jose, CA 95116
14529 S Bascom AveLos Gatos, CA 95032
2643 Senter RdSte BSan Jose, CA 95111
2390 Senter RdSan Jose, CA 95112
5460 Dellwood Way Ste 20Ste ASan Jose, CA 95118
1620 E Capitol ExpyUnit CSan Jose, CA 95121
3500 Mowry AveSte AFremont, CA 94538
3161 Senter Rd Ste FSte FSan Jose, CA 95111
975 Veterans BlvdRedwood City, CA 94063
29 Birch St Ste 1Ste 3Redwood City, CA 94062
1062 Saratoga AveSan Jose, CA 95129
889 Castro StMountain View, CA 94041
1650 S White RdSan Jose, CA 95127
155 Birch StSte 5Redwood City, CA 94062
888 Oak Grove Ave Ste 6Ste 6Menlo Park, CA 94025
1153 S King RdSte BSan Jose, CA 95122
6160 Bollinger RdSan Jose, CA 95129
40 N Park Victoria DrSte DMilpitas, CA 95035
350 2nd StSte 3Los Altos, CA 94022
1512 San Carlos AveSan Carlos, CA 94070
155 Birch StSte 3Redwood City, CA 94062
2356 Senter RdSan Jose, CA 95112
2950 Whipple AveSte 9Redwood City, CA 94062
3200 Mowry AveSte DFremont, CA 94538
5000 Pleasanton AveSte 110Pleasanton, CA 94566
2690 S White Rd Ste 90Ste 90San Jose, CA 95148
194 Francisco LnSte 112Fremont, CA 94539
1848 Saratoga AveBldg 3Saratoga, CA 95070
895 E Fremont AveSte 101Sunnyvale, CA 94087
2001 40th AveSte GCapitola, CA 95010
1400 Santa Rita RdSte GPleasanton, CA 94566
405 Cambridge AvePalo Alto, CA 94306
34743 Ardenwood BlvdFremont, CA 94555
1178 Brittan AveSan Carlos, CA 94070
511 W Capitol ExpySan Jose, CA 95136
1660 Westwood DrSte GSan Jose, CA 95125
5253 Prospect RdSte D-2San Jose, CA 95129
1330 S De Anza BlvdSte 10San Jose, CA 95129
125 N Jackson AveSte 209San Jose, CA 95116
1110 S King RdSte 60San Jose, CA 95122
20444 Prospect RdSte BSaratoga, CA 95070
76 Ranch DrBldg C1Milpitas, CA 95035
444 E El Camino RealSunnyvale, CA 94087
1870 Lundy AveSan Jose, CA 95131
2701 Decoto RdSte 4Union City, CA 94587
31873 Alvarado BlvdUnion City, CA 94587
3068 Story RdSan Jose, CA 95127
4138 Dyer StSte 2Union City, CA 94587
2211 Parkside DrSte DFremont, CA 94536
2500 Hospital DrBldg 1 Unit 5Mountain View, CA 94040
6170 Thornton AveSte BNewark, CA 94560
10251 Torre Ave Ste 160Ste 160Cupertino, CA 95014
2025 Forest AveSte 3San Jose, CA 95128
39279 Liberty StFremont, CA 94538
6134 Camino Verde DrSte ESan Jose, CA 95119
1374 E Hamilton AveCampbell, CA 95008
1569 Lexann AveSte 216 & 218San Jose, CA 95121
1171 Murrieta BlvdSte 101Livermore, CA 94550
1002 S De Anza Blvd Ste 4Ste DSan Jose, CA 95129
150 Arch StSte BRedwood City, CA 94062
995 Montague ExpySte 116Milpitas, CA 95035
851 Fremont AveSte 101Los Altos, CA 94024
2120 Forest AveSte 1San Jose, CA 95128
1200 Scott BlvdSte 4Santa Clara, CA 95050
660 W Winton AveHayward, CA 94545
200 N Jackson AveSte DSan Jose, CA 95116
105 N Jackson Ave Ste 105Ste 105San Jose, CA 95116
39260 Paseo Padre PkwyFremont, CA 94538
36416 Fremont BlvdFremont, CA 94536
2901 Park AveSte C-1Soquel, CA 95073
4600 Alum Rock AveSte 1San Jose, CA 95127
14515 S Bascom AveLos Gatos, CA 95032
2725 El Camino RealSte 109Santa Clara, CA 95051
2850 Quimby RdSte 145San Jose, CA 95148
40880 Fremont BlvdFremont, CA 94538
1660 Westwood DrSte HSan Jose, CA 95125
2211 Moorpark AveSte 150San Jose, CA 95128
6654 Koll Center PkwySte 350Pleasanton, CA 94566
4615 1st StSte 100Pleasanton, CA 94566
1107 S Park Victoria DrMilpitas, CA 95035
2380 Montpelier DrSte 200/400San Jose, CA 95116
1553 Laurel StSan Carlos, CA 94070
2573 N 1st StSan Jose, CA 95131
60 Fenton StSte 3Livermore, CA 94550
731 Walnut StSan Carlos, CA 94070
24901 Santa Clara StSte 2bHayward, CA 94544
1018 Murrieta BlvdSte BLivermore, CA 94550
43693 Mission BlvdFremont, CA 94539
5710 Cahalan AveBldg 8 Ste JSan Jose, CA 95123
1201 Park AveSte 2San Jose, CA 95126
1050 E El Camino RealSunnyvale, CA 94087
373 S Monroe StSte 203San Jose, CA 95128
4906 El Camino RealSte 1Los Altos, CA 94022
4868 San Felipe Rd Ste 120Ste 120San Jose, CA 95135
39560 Stevenson PlSte 117Fremont, CA 94539
1150 Scott BlvdSte A2Santa Clara, CA 95050
5710 Cahalan AveSte 4San Jose, CA 95123
43495 Ellsworth StFremont, CA 94539
5730 Cottle RdSte 240San Jose, CA 95123
877 W Fremont AveSte K1Sunnyvale, CA 94087
389 Gresel StHayward, CA 94544
2344 Mckee RdSte 35San Jose, CA 95116
2344 Mckee Rd Ste 20Ste 20San Jose, CA 95116
1400 Santa Rita RdSte CPleasanton, CA 94566
1042 Murrieta BlvdLivermore, CA 94550
2943 BroadwayRedwood City, CA 94062
700 W Parr AveSte MLos Gatos, CA 95032
2390 Almaden Rd Ste 20Ste 20San Jose, CA 95125
877 W Fremont AveSte J4Sunnyvale, CA 94087
5021 Mowry AveFremont, CA 94538
1095 E Brokaw RdSte 40San Jose, CA 95131
282 S Main StMilpitas, CA 95035
827 Blossom Hill RdSte W-7San Jose, CA 95123
1895 Mowry AveSte 108Fremont, CA 94538
1040 Mclaughlin AveSte ASan Jose, CA 95122
173 Spring StSte 110Pleasanton, CA 94566
2096 El Camino RealSanta Clara, CA 95050
29 Birch StSte 1Redwood City, CA 94062
827 Blossom Hill RdSte W5San Jose, CA 95123
2060 Aborn RdSte 210San Jose, CA 95121
665 S Knickerbocker Dr Ste 9Ste 9Sunnyvale, CA 94087
1702 Miramonte AvenueSte BMountain View, CA 94040
1210 E Arques AveSte 201Sunnyvale, CA 94085
2400 Country Dr Ste 100Ste 100Fremont, CA 94536
4155 Moorpark AveSte 10San Jose, CA 95117
1569 Lexann AveSte 108San Jose, CA 95121
20445 Prospect RdSte 8San Jose, CA 95129
820 Willow StSte 150San Jose, CA 95125
3072 Landess AveSan Jose, CA 95132
1639 Hollenbeck AveSunnyvale, CA 94087
1080 Scott BlvdSte 2Santa Clara, CA 95050
877 W Fremont AveSte C2Sunnyvale, CA 94087
6541 Crown BlvdSte GSan Jose, CA 95120
1588 Soquel DrSte 3Santa Cruz, CA 95065
3906 Decoto RoadFremont, CA 94555
1690 Woodside Rd Ste 218Ste 218Redwood City, CA 94061
1057 E Capitol ExpySan Jose, CA 95121
53 Marylinn DrMilpitas, CA 95035
60 Fenton StSte 1Livermore, CA 94550
27278 Hesperian BlvdHayward, CA 94545
3283 Bernal AveSte 108Pleasanton, CA 94566
60 Senter RdSte ASan Jose, CA 95111
17705 Hale Ave Ste A5Ste A5Morgan Hill, CA 95037
1950 Aborn RoadSan Jose, CA 95121
2243 Mowry AveSte CFremont, CA 94538
2195 Monterey RdSte 30San Jose, CA 95125
1689 Industrial Pkwy WHayward, CA 94544
602 E Santa Clara StSte 230San Jose, CA 95112
300 W Washington AveSte 110Sunnyvale, CA 94086
6199 Santa Teresa BlvdSte BSan Jose, CA 95123
4075 Mowry AveFremont, CA 94538
281 E Hamilton Ave Ste 2Ste 2Campbell, CA 95008
56 N 13th StSte 102San Jose, CA 95112
142 Ranch DrMilpitas, CA 95035
1267 Laurel StSan Carlos, CA 94070
5450 Thornwood DrSte BSan Jose, CA 95123
14501 S Bascom AveSte GLos Gatos, CA 95032
991 Montague Expy Ste 211Ste 211Milpitas, CA 95035
7332 Thornton AveNewark, CA 94560
5710 Cahalan AveBldg 8 Ste KSan Jose, CA 95123
843 Altos Oaks DrSte 2Los Altos, CA 94024
556 N 1st StSte 101San Jose, CA 95112
1580 Winchester BlvdSte 205Campbell, CA 95008
3151 S White RdSte 208San Jose, CA 95148
14375 Saratoga AveSte 100Saratoga, CA 95070
1565 Hollenbeck AveSte 112Sunnyvale, CA 94087
3118 Story RdSan Jose, CA 95127
2664 Berryessa RdSte 104San Jose, CA 95132
750 N Capitol AveSte C1San Jose, CA 95133
4112 Monterey Hwy Ste DSte DSan Jose, CA 95111
1600 Willow StSte 203San Jose, CA 95125
19028 Stevens Creek Blvd Ste ASte ACupertino, CA 95014
6134 Camino Verde DrSte FSan Jose, CA 95119
1210 E Arques AveSte 212Sunnyvale, CA 94085
5720 Stoneridge Mall RdSte 330Pleasanton, CA 94588
335 Saratoga AveSte 20San Jose, CA 95129
105 South DrSte 140Mountain View, CA 94040
20410 Town Center LnSte 190Cupertino, CA 95014
155 N Jackson Ave Ste 202Ste 202San Jose, CA 95116
122 Saratoga AveSanta Clara, CA 95051
10430 S De Anza BlvdSte 270Cupertino, CA 95014
1300 University DrSte 3Menlo Park, CA 94025
61 Serra WaySte 212Milpitas, CA 95035
795 Cochrane RdSte 120Morgan Hill, CA 95037
1911 Tully RdSte ASan Jose, CA 95122
1040 Grant RdSte 105Mountain View, CA 94040
665 S Knickerbocker DrSte 12Sunnyvale, CA 94087
877 W Fremont AveSte A1Sunnyvale, CA 94087
220 Oak Meadow DrLos Gatos, CA 95032
1046 Murrieta BlvdLivermore, CA 94550
6472 Camden AveSte 100San Jose, CA 95120
5201 Mowry AveFremont, CA 94538
1870 Alum Rock AveSte BSan Jose, CA 95116
37259 Fremont BlvdFremont, CA 94536
2000 Forest AveSte CSan Jose, CA 95128
27092 Hesperian BlvdHayward, CA 94545
2074 Forest AveSte 3San Jose, CA 95128
3275 Aptos Rancho RdSte DAptos, CA 95003
1775 Story RdSte 100San Jose, CA 95122
14521 S Bascom AveLos Gatos, CA 95032
1300 University DrSte 1Menlo Park, CA 94025
5595 Winfield BlvdSte 206San Jose, CA 95123
1110 S King Rd# 60San Jose, CA 95122
925 N San Antonio RdLos Altos, CA 94022
7176 Santa Teresa Blvd Ste B4Ste B4San Jose, CA 95139
1131 Newpark MallNewark, CA 94560
1049 Cochrane RdSte 110Morgan Hill, CA 95037
617 Capitola AveCapitola, CA 95010
2166 Story RdSan Jose, CA 95122
39572 Stevenson Pl Ste 222Ste 222Fremont, CA 94539
826 Altos Oaks DrSte 1Los Altos, CA 94024
123 W Jackson StreetHayward, CA 94544
1195 E Argues AveSunnyvale, CA 94085
34603 Alvarado Niles RdUnion City, CA 94587
3535 Capitol AveFremont, CA 94538
39675 Cedar BlvdSte 100Newark, CA 94560
1101 S Winchester BlvdSte E158San Jose, CA 95128
3151 S White RdSte 204San Jose, CA 95148
1690 Woodside RdSte 118Redwood City, CA 94061
1241 Meridian AveSan Jose, CA 95125
2893 Senter RdSte ASan Jose, CA 95111
90 E 3rd StSte 80Morgan Hill, CA 95037
1762 Decoto RdUnion City, CA 94587
990 W Fremont AveSte RSunnyvale, CA 94087
7028 Via BarrancaSan Jose, CA 95139
1319 Blossom Hill RdSan Jose, CA 95118
81 Birch StRedwood City, CA 94062
3683 Thornton AveFremont, CA 94536
1270 Oakmead Pkwy Ste 210Ste 210Sunnyvale, CA 94085
5710 Cahalan Ave Ste 3Ste 3San Jose, CA 95123
10311 S De Anza BlvdSte 4Cupertino, CA 95014
1060 S White Rd Ste CSte CSan Jose, CA 95127
888 Saratoga AveSte 100San Jose, CA 95129
1728 Hostetter RdSte 60San Jose, CA 95131
959 Woodside RdRedwood City, CA 94061
1871 Camden AveSan Jose, CA 95124
1639 Hollenbeck AvenueSunnyvale, CA 94087
2324 Montpelier DrSte 3San Jose, CA 95116
1480 Saratoga AvenueSaratoga, CA 95070
100 Oconnor DrSte 7San Jose, CA 95128
4305 Scotts Valley DrScotts Valley, CA 95066
3115 Middlefield RdRedwood City, CA 94063
39560 Stevenson Pl Ste 218Ste 218Fremont, CA 94539
39200 Liberty StSte DFremont, CA 94538
1488 Cedarwood LnSte DPleasanton, CA 94566
371 Jacklin RdMilpitas, CA 95035
665 Clyde AveMountain View, CA 94043
827 Altos Oaks DrSte 1Los Altos, CA 94024
460 E Calaveras BlvdMilpitas, CA 95035
1214 Apollo WaySte 402Sunnyvale, CA 94085
881 Fremont AveSte B1Los Altos, CA 94024
16275 Monterey StSte CMorgan Hill, CA 95037
1110 S King Rd Ste 60# 60San Jose, CA 95122
980 El Camino RealSte 250Santa Clara, CA 95050
10251 Torre AveSte 220Cupertino, CA 95014
6501 Crown BlvdSte 104San Jose, CA 95120
113 N Milpitas BlvdMilpitas, CA 95035
150 N Jackson AveSte 204San Jose, CA 95116
40961 Grimmer BlvdFremont, CA 94538
28472 Hesperian BlvdHayward, CA 94545
697 E Remington DrSte BSunnyvale, CA 94087
2620 1st StLivermore, CA 94550
1569 Lexann AveSte 212San Jose, CA 95121
6541 Crown BlvdSte CSan Jose, CA 95120
46533 Mission BlvdFremont, CA 94539
1888 Saratoga AveSte 102San Jose, CA 95129
990 W Fremont AveSte XSunnyvale, CA 94087
2771 El Camino RealSanta Clara, CA 95051
34900 Newark BlvdNewark, CA 94560
2114 Senter RdSte 3San Jose, CA 95112
22 N White RdSte 40San Jose, CA 95127
6094 Mowry AveNewark, CA 94560
4138 Dyer StSte 1Union City, CA 94587
17020 Condit RdSte 180Morgan Hill, CA 95037
37120 Fremont BlvdSte GFremont, CA 94536
16990 Monterey RdSte 100Morgan Hill, CA 95037
2290 Birch StSte CPalo Alto, CA 94306
2185 41st AveCapitola, CA 95010
1600 Willow StSte 215San Jose, CA 95125
3030 Alum Rock AveSan Jose, CA 95127
39411 Fremont BlvdFremont, CA 94538
2593 S King Rd Ste 2Ste 2San Jose, CA 95122
827 Blossom Hill RdSte W2San Jose, CA 95123
327 Moffett BlvdSte AMountain View, CA 94043
88 Tully RdSte 112San Jose, CA 95111
38080 Martha AveSte AFremont, CA 94536
6120 Hellyer AveSte 150San Jose, CA 95138
4205 San Felipe RdSte 200San Jose, CA 95135
1688 Willow StSte A-1San Jose, CA 95125
193 Arch StSte B-CRedwood City, CA 94062
877 W Fremont AveSte L1Sunnyvale, CA 94087
877 W Fremont AveSte L3Sunnyvale, CA 94087
3720 N First StreetSte CSan Jose, CA 95134
584 S Mathilda AveSte 1Sunnyvale, CA 94086
1301 Sunnyvale Saratoga RdSte ASunnyvale, CA 94087
12967 Saratoga AveSaratoga, CA 95070
3925 Old Santa Rita Rd Ste 100Ste 100Pleasanton, CA 94588
1042 Homestead RdSanta Clara, CA 95050
32138 Alvarado BlvdUnion City, CA 94587
1660 Hillsdale AveSte 160San Jose, CA 95124
569 W El Camino RealMountain View, CA 94040
4071 Bay StFremont, CA 94538
1172 Murphy AveSte 140San Jose, CA 95131
880 Middlefield RdPalo Alto, CA 94301
771 Southland DrHayward, CA 94545
2680 N 1st StSte 100San Jose, CA 95134
750 N Capitol AveSte A2San Jose, CA 95133
431 Monterey Ave Ste 6Ste 6Los Gatos, CA 95030
2040 Forest AveSte 1San Jose, CA 95128
39055 Hastings StSte 203Fremont, CA 94538
1535 Landess AveSte 142Milpitas, CA 95035
420 E Calaveras BlvdMilpitas, CA 95035
39572 Stevenson PlSte 125Fremont, CA 94539
2344 El Camino RealSte 120Santa Clara, CA 95050
145 N Jackson AveSte 101San Jose, CA 95116
19000 Cox Ave Ste BSte BSaratoga, CA 95070
990 Laurel StSte DSan Carlos, CA 94070
173 Spring St Ste 110Ste 110Pleasanton, CA 94566
545 Saratoga AveSte ASanta Clara, CA 95050
166 N Bascom AveSan Jose, CA 95128
426 E Calaveras BlvdMilpitas, CA 95035
570 N Shoreline BlvdSte GMountain View, CA 94043
1040 Grant RdSte 103Mountain View, CA 94040
37149 Fremont BlvdFremont, CA 94536
1117 Tasman DrSunnyvale, CA 94089
1035 S De Anza BlvdSte 4San Jose, CA 95129
4430 Willow RdSte FPleasanton, CA 94588
5504 Monterey HwySan Jose, CA 95138
1525 Meridian AveSte 104San Jose, CA 95125
117 S California AveSte D200Palo Alto, CA 94306
36640 Fremont BlvdSte AFremont, CA 94536
6501 Crown BlvdSte 202San Jose, CA 95120
3705 Beacon AveSte 101Fremont, CA 94538
3065 Porter StSte 107Soquel, CA 95073
310 W Hamilton AveSte 100Campbell, CA 95008
100 W El Camino RealSte 78Mountain View, CA 94040
750 N Capitol AveSte B6San Jose, CA 95133
39572 Stevenson PlSte 127Fremont, CA 94539
990 W. Fremont AveSte U-1Sunnyvale, CA 94087
2125 Winchester BlvdSte 100aCampbell, CA 95008
1208 E Arques AveSte 110Sunnyvale, CA 94085
867 E Stanley BlvdLivermore, CA 94550
32315 Mission BlvdHayward, CA 94544
2479 Alvin AveSan Jose, CA 95121
5460 Sunol BlvdSte 5Pleasanton, CA 94566
33351 Alvarado Niles RdUnion City, CA 94587
1876 Curtner AveSte 100San Jose, CA 95124
39 S Livermore AveSte 217Livermore, CA 94550
14513 S Bascom AveLos Gatos, CA 95032
12860 Saratoga Sunnyvale RdSaratoga, CA 95070
3618 Thornton AveFremont, CA 94536
114 Birch StSte DRedwood City, CA 94062
2211 Parkside DrSte GFremont, CA 94536
2680 S White Rd Ste 100Ste 100San Jose, CA 95148
28553 Hesperian BlvdHayward, CA 94545
1252 S Abel StMilpitas, CA 95035
242 La Pala DrSan Jose, CA 95127
1150 Foxworthy AveSte 10San Jose, CA 95118
2664 Berryessa Rd Ste 214Ste 214San Jose, CA 95132
4112 Monterey HwySte DSan Jose, CA 95111
1547 Saratoga AveSan Jose, CA 95129
1405 S Bascom AveSan Jose, CA 95128
1172 Cadillac CtMilpitas, CA 95035
1895 Mowry AveSte 101bFremont, CA 94538
750 N Capitol AveSte C 4San Jose, CA 95133
15075 Los Gatos BlvdSte 100Los Gatos, CA 95032
796 El Camino RealSte ASan Carlos, CA 94070
1906 Aborn RdSan Jose, CA 95121
6110 Hellyer AveSte 125San Jose, CA 95138
3144 Story RdSte 2San Jose, CA 95127
805 E El Camino RealSte EMountain View, CA 94040
14830 Los Gatos BlvdSte 104Los Gatos, CA 95032
3535 Ross AveSte 203San Jose, CA 95124
3535 Ross Ave Ste 201San Jose, CA 95124
1436 Cedarwood LnSte DPleasanton, CA 94566
5595 Winfield BlvdSte 212San Jose, CA 95123
7174 Santa Teresa BlvdSte A4San Jose, CA 95139
970 W El Camino RealSte 1Sunnyvale, CA 94087
431 Monterey AveSte 6Los Gatos, CA 95030
6529 Crown BlvdSte ASan Jose, CA 95120
2660 Homestead RdSanta Clara, CA 95051
7174 Santa Teresa BlvdSte A5San Jose, CA 95139
882 Emerson StSte CPalo Alto, CA 94301
6080 Hellyer AveSte 100San Jose, CA 95138
12880 Highway 9Boulder Creek, CA 95006
46592 Mission BlvdFremont, CA 94539
29 Birch StSte1-3Redwood City, CA 94062
5595 Winfield BlvdSte 102San Jose, CA 95123
581 E El Camino RealSunnyvale, CA 94087
1580 S Winchester BlvdSte 303Campbell, CA 95008
39340 Fremont BlvdFremont, CA 94538
3700 Thomas RdSte 203Santa Clara, CA 95054
418 Blossom Hill RdSan Jose, CA 95123
3826 7 Trees BlvdSte 300San Jose, CA 95111
1753 Landess AveMilpitas, CA 95035
1761 Decoto RdUnion City, CA 94587
3151 Senter RdSte 200San Jose, CA 95111
1039 El Monte AveSte EMountain View, CA 94040
486 E Campbell AveSte 101Campbell, CA 95008
52 Skytop StSte 40San Jose, CA 95134
1648 Tully RdSte 30San Jose, CA 95122
37070 Newark BlvdSte ENewark, CA 94560
1783 Second StLivermore, CA 94550
2324 Santa Rita RdSte 3Pleasanton, CA 94566
2183 Roosevelt AveRedwood City, CA 94061
777 Cuesta DrSte 130Mountain View, CA 94040
15000 Los Gatos BlvdSte 2Los Gatos, CA 95032
1186 Brittan AveSan Carlos, CA 94070
2664 Berryessa Rd Ste 212Ste 212San Jose, CA 95132
1733 Woodside RdSte 110Redwood City, CA 94061
5058 Union AveSte ASan Jose, CA 95124
2664 Berryessa RdSte 212San Jose, CA 95132
753 Saratoga AveSan Jose, CA 95129
2975 Bowers Ave Ste 100Ste 100Santa Clara, CA 95051
24307 Southland DrHayward, CA 94545
3885 Beacon AveSte CFremont, CA 94538
1095 Branham LnSte 101San Jose, CA 95136
1341 Coleman AveSanta Clara, CA 95050
1693 Flanigan DrSte 103San Jose, CA 95121
853 Middlefield RdSte 7Palo Alto, CA 94301
3988 S Bascom AveSte 1San Jose, CA 95124
2690 S White Rd Ste 50Ste 50San Jose, CA 95148
1693 Flanigan DrSte 102San Jose, CA 95121
6140 Camino Verde DrSte JSan Jose, CA 95119
1795 Park Ave Ste BSan Jose, CA 95126
750 N Capitol AveSte C5San Jose, CA 95133
242 La Pala DrA&BSan Jose, CA 95127
5270 Newpark PlzNewark, CA 94560
30512 Mission BlvdSte 100Hayward, CA 94544
1288 Scott BlvdSanta Clara, CA 95050
3535 Ross Ave Ste 203Ste 203San Jose, CA 95124
5353 Almaden ExpySte 45San Jose, CA 95118
193 Arch StRedwood City, CA 94062
1720 Hamilton AveSan Jose, CA 95125
5595 Winfield BlvdSte 210San Jose, CA 95123
1191 W Tennyson Rd 117b7Hayward, CA 94544
100 Oconnor DrSte 23San Jose, CA 95128
10430 S De Anza BlvdSte 120Cupertino, CA 95014
1704 Miramonte AveSte 8Mountain View, CA 94040
1195 E Arques AveSunnyvale, CA 94085
1101 S Park Victoria DrMilpitas, CA 95035
39489 Fremont BlvdFremont, CA 94538
30067 Industrial PkwyUnion City, CA 94587
2351 Mckee RdSte BSan Jose, CA 95116
14503 S Bascom AveLos Gatos, CA 95032
75 S San Tomas Aquino RdSte 2Campbell, CA 95008
7200 Jarvis AveNewark, CA 94560
1000 S White RdSte 210San Jose, CA 95127
133 Arch StSte 1Redwood City, CA 94062
1930 S Bascom AveSte 120Campbell, CA 95008
2200 Eastridge Loop Ste 1060Ste 1060San Jose, CA 95122
287 W Hunter CtFremont, CA 94539
5150 Graves AveSte 5cSan Jose, CA 95129
2425 California St Ste DSte DMountain View, CA 94040
2147 Mowry Ave Ste B5Ste B5Fremont, CA 94538
1400 Santa Rita RdSte IPleasanton, CA 94566
91 N Bascom AveSan Jose, CA 95128
150 N Jackson Ave Ste 103Ste 103San Jose, CA 95116
327 Moffett BlvdSte CMountain View, CA 94043
5276 Scotts Valley DrSte AScotts Valley, CA 95066
1705 Branham LnSte B4San Jose, CA 95118
1984 Railroad AveSte BLivermore, CA 94550
3535 Ross AveSte 201San Jose, CA 95124
1024 Serpentine LnSte 114Pleasanton, CA 94566
20480 Blauer DrSte DSaratoga, CA 95070
1660 Hillsdale AveSte 130San Jose, CA 95124
17705 Hale AveSte B4Morgan Hill, CA 95037
1676 Story RdSan Jose, CA 95122
3535 Ross AveSte 305San Jose, CA 95124
465 Laurel StSan Carlos, CA 94070
12297 Saratoga Sunnyvale RdSte 350Saratoga, CA 95070
3200 Middlefield RdSte APalo Alto, CA 94306
1040 N Rengstorff Ave Ste A3Ste A3Mountain View, CA 94043
40 N Park VictoriaSte AMilpitas, CA 95035
74 W El Camino RealMountain View, CA 94040
122 Saratoga AveSte 100Santa Clara, CA 95051
630 E Santa Clara StSan Jose, CA 95112
1620 E Capitol ExpySte CSan Jose, CA 95121
500 E Remington DrSte 19Sunnyvale, CA 94087
1429 Grant RdSte AMountain View, CA 94040
2323 Montpelier DrSte BSan Jose, CA 95116
3200 Mowry AveSte AFremont, CA 94538
5677 Gibraltar DrSte BPleasanton, CA 94588
4450 Capitola RdSte 102Capitola, CA 95010
3752 Florence StreetRedwood City, CA 94063
10055 Miller AveSte 102Cupertino, CA 95014
33 S Park Victoria DrMilpitas, CA 95035
39572 Stevenson PlSte 225Fremont, CA 94539
5130 Stevens Creek BlvdSan Jose, CA 95129
5720 Stoneridge Mall RdSte 285Pleasanton, CA 94588
1253 West El Camino RealSte BSunnyvale, CA 94087
500 E Remington DrSte 26Sunnyvale, CA 94087
801 Woodside Rd Ste 3Ste 3Redwood City, CA 94061
19028 Stevens Creek BlvdSte ACupertino, CA 95014
1569 Lexann AveSte 228San Jose, CA 95121
1024 Serpentine LnSte 110Pleasanton, CA 94566
505 South DrSte 1Mountain View, CA 94040
43265 Mission BlvdSte 105Fremont, CA 94539